n_neighbors,weights,metric,accuracy_train,accuracy_test
1,uniform,euclidean,1.0,0.848
1,uniform,manhattan,1.0,0.88
1,uniform,chebyshev,1.0,0.824
1,uniform,minkowski,1.0,0.848
1,distance,euclidean,1.0,0.848
1,distance,manhattan,1.0,0.88
1,distance,chebyshev,1.0,0.824
1,distance,minkowski,1.0,0.848
2,uniform,euclidean,0.9178356713426854,0.864
2,uniform,manhattan,0.9178356713426854,0.872
2,uniform,chebyshev,0.9018036072144289,0.832
2,uniform,minkowski,0.9178356713426854,0.864
2,distance,euclidean,1.0,0.848
2,distance,manhattan,1.0,0.88
2,distance,chebyshev,1.0,0.824
2,distance,minkowski,1.0,0.848
3,uniform,euclidean,0.8957915831663327,0.824
3,uniform,manhattan,0.9158316633266533,0.84
3,uniform,chebyshev,0.8877755511022044,0.808
3,uniform,minkowski,0.8957915831663327,0.824
3,distance,euclidean,1.0,0.84
3,distance,manhattan,1.0,0.84
3,distance,chebyshev,1.0,0.816
3,distance,minkowski,1.0,0.84
4,uniform,euclidean,0.875751503006012,0.824
4,uniform,manhattan,0.8897795591182365,0.856
4,uniform,chebyshev,0.8717434869739479,0.784
4,uniform,minkowski,0.875751503006012,0.824
4,distance,euclidean,1.0,0.84
4,distance,manhattan,1.0,0.856
4,distance,chebyshev,1.0,0.808
4,distance,minkowski,1.0,0.84
5,uniform,euclidean,0.8917835671342685,0.808
5,uniform,manhattan,0.8857715430861723,0.824
5,uniform,chebyshev,0.8697394789579158,0.768
5,uniform,minkowski,0.8917835671342685,0.808
5,distance,euclidean,1.0,0.816
5,distance,manhattan,1.0,0.832
5,distance,chebyshev,1.0,0.816
5,distance,minkowski,1.0,0.816
6,uniform,euclidean,0.8897795591182365,0.832
6,uniform,manhattan,0.8797595190380761,0.824
6,uniform,chebyshev,0.8577154308617234,0.784
6,uniform,minkowski,0.8897795591182365,0.832
6,distance,euclidean,1.0,0.832
6,distance,manhattan,1.0,0.848
6,distance,chebyshev,1.0,0.8
6,distance,minkowski,1.0,0.832
7,uniform,euclidean,0.8597194388777555,0.808
7,uniform,manhattan,0.8717434869739479,0.84
7,uniform,chebyshev,0.8316633266533067,0.8
7,uniform,minkowski,0.8597194388777555,0.808
7,distance,euclidean,1.0,0.84
7,distance,manhattan,1.0,0.848
7,distance,chebyshev,1.0,0.832
7,distance,minkowski,1.0,0.84
8,uniform,euclidean,0.8557114228456913,0.816
8,uniform,manhattan,0.8717434869739479,0.84
8,uniform,chebyshev,0.8176352705410822,0.8
8,uniform,minkowski,0.8557114228456913,0.816
8,distance,euclidean,1.0,0.832
8,distance,manhattan,1.0,0.84
8,distance,chebyshev,1.0,0.824
8,distance,minkowski,1.0,0.832
9,uniform,euclidean,0.8416833667334669,0.776
9,uniform,manhattan,0.8617234468937875,0.808
9,uniform,chebyshev,0.8096192384769539,0.76
9,uniform,minkowski,0.8416833667334669,0.776
9,distance,euclidean,1.0,0.824
9,distance,manhattan,1.0,0.808
9,distance,chebyshev,1.0,0.832
9,distance,minkowski,1.0,0.824
10,uniform,euclidean,0.8296593186372746,0.784
10,uniform,manhattan,0.8677354709418837,0.848
10,uniform,chebyshev,0.8096192384769539,0.768
10,uniform,minkowski,0.8296593186372746,0.784
10,distance,euclidean,1.0,0.832
10,distance,manhattan,1.0,0.84
10,distance,chebyshev,1.0,0.824
10,distance,minkowski,1.0,0.832
11,uniform,euclidean,0.8256513026052105,0.76
11,uniform,manhattan,0.8517034068136272,0.832
11,uniform,chebyshev,0.7915831663326653,0.744
11,uniform,minkowski,0.8256513026052105,0.76
11,distance,euclidean,1.0,0.832
11,distance,manhattan,1.0,0.832
11,distance,chebyshev,1.0,0.808
11,distance,minkowski,1.0,0.832
12,uniform,euclidean,0.8256513026052105,0.784
12,uniform,manhattan,0.8557114228456913,0.848
12,uniform,chebyshev,0.781563126252505,0.76
12,uniform,minkowski,0.8256513026052105,0.784
12,distance,euclidean,1.0,0.816
12,distance,manhattan,1.0,0.84
12,distance,chebyshev,1.0,0.784
12,distance,minkowski,1.0,0.816
13,uniform,euclidean,0.8076152304609219,0.76
13,uniform,manhattan,0.8376753507014028,0.824
13,uniform,chebyshev,0.7655310621242485,0.728
13,uniform,minkowski,0.8076152304609219,0.76
13,distance,euclidean,1.0,0.832
13,distance,manhattan,1.0,0.832
13,distance,chebyshev,1.0,0.8
13,distance,minkowski,1.0,0.832
14,uniform,euclidean,0.8096192384769539,0.792
14,uniform,manhattan,0.8416833667334669,0.808
14,uniform,chebyshev,0.7715430861723447,0.744
14,uniform,minkowski,0.8096192384769539,0.792
14,distance,euclidean,1.0,0.832
14,distance,manhattan,1.0,0.832
14,distance,chebyshev,1.0,0.784
14,distance,minkowski,1.0,0.832
15,uniform,euclidean,0.811623246492986,0.784
15,uniform,manhattan,0.8256513026052105,0.792
15,uniform,chebyshev,0.7635270541082164,0.72
15,uniform,minkowski,0.811623246492986,0.784
15,distance,euclidean,1.0,0.832
15,distance,manhattan,1.0,0.824
15,distance,chebyshev,1.0,0.776
15,distance,minkowski,1.0,0.832
16,uniform,euclidean,0.8056112224448898,0.776
16,uniform,manhattan,0.8316633266533067,0.776
16,uniform,chebyshev,0.7575150300601202,0.728
16,uniform,minkowski,0.8056112224448898,0.776
16,distance,euclidean,1.0,0.816
16,distance,manhattan,1.0,0.816
16,distance,chebyshev,1.0,0.76
16,distance,minkowski,1.0,0.816
17,uniform,euclidean,0.8096192384769539,0.744
17,uniform,manhattan,0.8296593186372746,0.792
17,uniform,chebyshev,0.7615230460921844,0.72
17,uniform,minkowski,0.8096192384769539,0.744
17,distance,euclidean,1.0,0.792
17,distance,manhattan,1.0,0.808
17,distance,chebyshev,1.0,0.776
17,distance,minkowski,1.0,0.792
18,uniform,euclidean,0.8036072144288577,0.728
18,uniform,manhattan,0.8136272545090181,0.792
18,uniform,chebyshev,0.7555110220440882,0.72
18,uniform,minkowski,0.8036072144288577,0.728
18,distance,euclidean,1.0,0.784
18,distance,manhattan,1.0,0.816
18,distance,chebyshev,1.0,0.768
18,distance,minkowski,1.0,0.784
19,uniform,euclidean,0.7915831663326653,0.736
19,uniform,manhattan,0.8136272545090181,0.784
19,uniform,chebyshev,0.7454909819639278,0.704
19,uniform,minkowski,0.7915831663326653,0.736
19,distance,euclidean,1.0,0.784
19,distance,manhattan,1.0,0.8
19,distance,chebyshev,1.0,0.784
19,distance,minkowski,1.0,0.784
20,uniform,euclidean,0.7915831663326653,0.744
20,uniform,manhattan,0.8076152304609219,0.792
20,uniform,chebyshev,0.751503006012024,0.728
20,uniform,minkowski,0.7915831663326653,0.744
20,distance,euclidean,1.0,0.8
20,distance,manhattan,1.0,0.824
20,distance,chebyshev,1.0,0.784
20,distance,minkowski,1.0,0.8
